{
    "$schema": "http://schema.management.azure.com/schemas/2015-01-01/deploymentTemplate.json#",
    "contentVersion": "1.0.0.0",
    "parameters": {
        "factoryName": {
            "type": "string",
            "metadata": "Data Factory name",
            "defaultValue": "uber-reporting"
        },
        "ls_adls_uberreportingdl_accountKey": {
            "type": "secureString",
            "metadata": "Secure string for 'accountKey' of 'ls_adls_uberreportingdl'"
        },
        "ls_db_nyc_taxi_cluster_accessToken": {
            "type": "secureString",
            "metadata": "Secure string for 'accessToken' of 'ls_db_nyc_taxi_cluster'"
        },
        "ls_sql_processed_data_connectionString": {
            "type": "secureString",
            "metadata": "Secure string for 'connectionString' of 'ls_sql_processed_data'"
        },
        "ls_adls_uberreportingdl_properties_typeProperties_url": {
            "type": "string",
            "defaultValue": "https://uberreportingdl.dfs.core.windows.net/"
        },
        "ls_http_ncei_gov_properties_typeProperties_url": {
            "type": "string",
            "defaultValue": "@{linkedService().sourceBaseURL}"
        },
        "ls_http_nyc_gov_properties_typeProperties_url": {
            "type": "string",
            "defaultValue": "@{linkedService().sourceBaseURL}"
        },
        "ls_db_nyc_taxi_cluster_properties_typeProperties_existingClusterId": {
            "type": "string",
            "defaultValue": "1202-142736-gmxz3o3a"
        },
        "ls_http_properties_typeProperties_url": {
            "type": "string",
            "defaultValue": "@{linkedService().sourceBaseURL}"
        },
        "containerUri": {
            "type": "string",
            "metadata": "URI to storage account containing linked ARM templates"
        },
        "containerSasToken": {
            "type": "string",
            "metadata": "Sas token to storage account containing linked ARM templates"
        }
    },
    "variables": {
        "factoryId": "[concat('Microsoft.DataFactory/factories/', parameters('factoryName'))]"
    },
    "resources": [
        {
            "name": "uber-reporting_ArmTemplate_0",
            "type": "Microsoft.Resources/deployments",
            "apiVersion": "2018-02-01",
            "properties": {
                "mode": "incremental",
                "templateLink": {
                    "uri": "[concat(parameters('containerUri'), '/ArmTemplate_0.json', parameters('containerSasToken'))]",
                    "contentVersion": "1.0.0.0"
                },
                "parameters": {
                    "factoryName": {
                        "value": "[parameters('factoryName')]"
                    },
                    "ls_adls_uberreportingdl_accountKey": {
                        "value": "[parameters('ls_adls_uberreportingdl_accountKey')]"
                    },
                    "ls_db_nyc_taxi_cluster_accessToken": {
                        "value": "[parameters('ls_db_nyc_taxi_cluster_accessToken')]"
                    },
                    "ls_sql_processed_data_connectionString": {
                        "value": "[parameters('ls_sql_processed_data_connectionString')]"
                    },
                    "ls_adls_uberreportingdl_properties_typeProperties_url": {
                        "value": "[parameters('ls_adls_uberreportingdl_properties_typeProperties_url')]"
                    },
                    "ls_http_ncei_gov_properties_typeProperties_url": {
                        "value": "[parameters('ls_http_ncei_gov_properties_typeProperties_url')]"
                    },
                    "ls_http_nyc_gov_properties_typeProperties_url": {
                        "value": "[parameters('ls_http_nyc_gov_properties_typeProperties_url')]"
                    },
                    "ls_db_nyc_taxi_cluster_properties_typeProperties_existingClusterId": {
                        "value": "[parameters('ls_db_nyc_taxi_cluster_properties_typeProperties_existingClusterId')]"
                    },
                    "ls_http_properties_typeProperties_url": {
                        "value": "[parameters('ls_http_properties_typeProperties_url')]"
                    }
                }
            },
            "dependsOn": []
        },
        {
            "name": "uber-reporting_ArmTemplate_1",
            "type": "Microsoft.Resources/deployments",
            "apiVersion": "2018-02-01",
            "properties": {
                "mode": "incremental",
                "templateLink": {
                    "uri": "[concat(parameters('containerUri'), '/ArmTemplate_1.json', parameters('containerSasToken'))]",
                    "contentVersion": "1.0.0.0"
                },
                "parameters": {
                    "factoryName": {
                        "value": "[parameters('factoryName')]"
                    }
                }
            },
            "dependsOn": [
                "[resourceId('Microsoft.Resources/deployments', 'uber-reporting_ArmTemplate_0')]"
            ]
        }
    ]
}