{
    "$schema": "https://schema.management.azure.com/schemas/2015-01-01/deploymentParameters.json#",
    "contentVersion": "1.0.0.0",
    "parameters": {
        "factoryName": {
            "value": "uber-reporting"
        },
        "ls_adls_uberreportingdl_accountKey": {
            "value": ""
        },
        "ls_db_nyc_taxi_cluster_accessToken": {
            "value": ""
        },
        "ls_sql_processed_data_connectionString": {
            "value": ""
        },
        "ls_adls_uberreportingdl_properties_typeProperties_url": {
            "value": "https://uberreportingdl.dfs.core.windows.net/"
        },
        "ls_http_ncei_gov_properties_typeProperties_url": {
            "value": "@{linkedService().sourceBaseURL}"
        },
        "ls_http_nyc_gov_properties_typeProperties_url": {
            "value": "@{linkedService().sourceBaseURL}"
        },
        "ls_db_nyc_taxi_cluster_properties_typeProperties_existingClusterId": {
            "value": "1202-142736-gmxz3o3a"
        },
        "ls_http_properties_typeProperties_url": {
            "value": "@{linkedService().sourceBaseURL}"
        }
    }
}